아이폰 13 256GB [자급제],"1,229,990원",https://cr.shopping.naver.com/adcr.nhn?x=jvE1hABh8U3mPc6lucqfzv%2F%2F%2Fw%3D%3DsXS8oYr4Ua3nvLjrrxwWujd%2Fyb0yWz%2BSHAa%2F9MKF1s2DrlQPyQuHoHFsppYbPEdHa5CeMVbwWuzwdhxgsEUILzRtutU0NeryNMXgUnoLk5BPSfvS7tK2ot%2FetxcALmQFYWApl6Se1dh4KFUY9FA2dU4ZnlrSZr8PDPdBCvs8uWtdeJxHcKH4rYUhc5SxvGs%2FQal%2Brid8rrn32YQBzRS5OdSJO7jbxAC%2FhHJnJbE9pD225SET%2FmTh%2Bwr3iKnDGr9FR%2F6ZIOeHtT7Dj%2BTJDRs9SMD0EwsnxNYGelJ%2BtHokUJKjBz7%2BORHa%2BX777%2F5U82WuFRDpykpOqWZgZqWcBmVwRDW%2FK%2F624GlqCq%2Fu%2FCLb9znY6JIeyjRJJG8AQSjlBThBKRuaDR2LrEXFDwvTptY5wkd42zEVOHkRt1m9hvixzMvciNvEAyH7XT6ObGe95mRdUsw%2FEBFoDxdMAZ4HSpGP%2F1sbbTrOhMmQpEkp4UEtzKmSE4FQdvRmo7oxOSvwywmch%2BPn%2F0%2FsFFiwjT7S5BsR0E%2Bju5PRZsIJLQB1ktBVmPesNauEcRynSn%2F8orOK7nc904PJAKTNY1uUg7BKh%2B%2FGUg2GCJbyNDI54GsMXSAsu5HpWhZ3SMHTcLlpircdRzUgq1JIslBmdxaTx7xO1%2BPPoWw%3D%3D&nvMid=29029192591&catId=50001519
아이폰 13 미니 128GB [자급제],"856,520원",https://cr.shopping.naver.com/adcr.nhn?x=H6kt7jV5953OB54iIyzm6v%2F%2F%2Fw%3D%3DseGIa7U8arvQ8g1uUImk0KteRER6N3X5wiRptIyGSyb2GgjNtjvRyY8TaEm3AQ5UwCMbQrgko6HxWsAQlqfaXV020%2Fi9FDmMvUEFd6IdLKQlakhhPbPufy7yXvzg6IOYrf1X6MBI5l%2BWFubIPmqrEOd9%2BKy%2Fm0d%2BgYWHtEf61Jo5CNclKwvLyA%2Fys%2F%2FHPPajL6vmS6IPw0N8PQDlZk4TeMmNmcbgLr0lu2cCLGgyX7c9vsepmwRk8o%2FCB4DgHhnjVJdeIa52AfkUYHOaSPzsH9auKWQN4b7WstTXVRp4V%2Fd2Kx7G3krbJiQXzryuwwOqJNzauSTbH8eHYDivA9nHgmk4%2BweBXrayn5r9KEY0z%2BSVKjRp2D9pkBhcJdqPQCXkTa7BVwfXnHeqIFOcSljWjcM%2BuBxawZkbtQren76JDlZQLSv5SYzis5SVdiBAX6a8Rg4OPtThFM2yPBsnrKnNGzzXV372DPAp4J4PkHemM8CqZZd0C6e2Zyps4U6T5DErBvcQeIaAGIIQRnJcrzv7qxQ7QdQ5yTDV0teBosJU%2FF8FRN64mBm9G8QruBkLDcHT6clE5rfZtJfgUZ%2FeL65Mr%2FUO1uJJh1FiyqHtEjp30qMUBNCgGhnJoYyA8V4j2ARcNDVCYCaeglF2rgr1u2OQIzQ%3D%3D&nvMid=29030650586&catId=50001519
아이폰 13 미니 256GB [자급제],"922,570원",https://cr.shopping.naver.com/adcr.nhn?x=nwfV4X%2BZP%2FK4pP0NOd5B0v%2F%2F%2Fw%3D%3Dsd71HrzA9vdCMQQTWJ3MlImw%2FCaQfhGU2Cf24fqjXeWfrlQPyQuHoHFsppYbPEdHasRsICgWFvWzn9EuupSx2wUaKMfziw6N%2Flt%2Bsg12Ae3zSfvS7tK2ot%2FetxcALmQFYWApl6Se1dh4KFUY9FA2dU4ZnlrSZr8PDPdBCvs8uWtdeJxHcKH4rYUhc5SxvGs%2FQHFu7hQKMJ1DiSIn6Qv1RZSJO7jbxAC%2FhHJnJbE9pD225SET%2FmTh%2Bwr3iKnDGr9FR%2F6ZIOeHtT7Dj%2BTJDRs9SMD0EwsnxNYGelJ%2BtHokUJKjBz7%2BORHa%2BX777%2F5U82WuFRDpykpOqWZgZqWcBmVwRDQ902oozCiwi3sFXalNEVcs6JIeyjRJJG8AQSjlBThBKRuaDR2LrEXFDwvTptY5wkW%2F%2BLA6NpGe0c8RBIr5JuBoiNvEAyH7XT6ObGe95mRdUsw%2FEBFoDxdMAZ4HSpGP%2F1jX5Qwkr%2BtGcg13ksRWU0xoi5HSrzhhCOMWuXdZxvGXvk9L6rt0SOVsUsc5EylGdlWA46HsV2ZGyorrmLngVwWuUy967mlSa3mZfqZTLi6DqRcr15Kty4fmGxB2pSaMJdaZZ1UHYJ%2FhdHkYjiJ3NBBg2bxMn4hiVX6k0mTmkwKMmHRyPBWbUFRhWScTsgQynPg%3D%3D&nvMid=29030437590&catId=50001519
아이폰 13 128GB [자급제],"1,080,000원",https://cr.shopping.naver.com/adcr.nhn?x=2QprkjYdE2SKEV4XuOpiOP%2F%2F%2Fw%3D%3Ds00IV1AEtHPB%2FUfAMOMWKCJvLCZE3FkYburAoZafSjmtN4NgkrPIjlczCBjhk2dSMZnfERkpvhKt1H8oCZGBiZmDfAxfAZXC0jQxPhbTUcEzLsxRTGfIcqcNShzYcWbYZoQeLQNfaxLdvodfLjFQr68v%2BjB2erv%2BZ%2Brrs5VHOiTQgGE7%2BZatKjf5hEf1XctkKihdJbsF7mPFDdM7F9nXsoJbkCnZt3PKDnGtnPfTpWXV9gLRMuJH34gK%2BdKxxm2wLPtiCSEE0Sr1K8dY1Bs5GQasJF1TG8DXvuOXRWh2aiSE1QmeK3ZPITzKHcbEnR%2BI8%2BCBhrRtjP3cgPRAfjiZRTbb%2B3qjWA1QQm0JDHXTXY%2BrYe9CsbWrnsboog%2B94RL%2FIQaKjyn%2Bw2LQk17xXDKGCe4Re7uHgyNF3WXsM9BHB6lpFx37WIyrziE4Ps6WrDu%2FEkQhsK9FrLIaKhTqeCPe5%2BnUjwQMKHmfZEGs9R%2F5gzgFfxr8e8848S4N3UJ7%2FNlg1OljLtTQonU32VFdy%2BtXnDgz%2FukRIYzBgWngyARGI6Bj6C0XXk8ySaOQ0OaLzzIxFNw7vjlW9P52RKge7D4VpjZs%2FepF3tebV8VR3pWBNnWXLVWGr8fvvH1mWvUgXPK6j&nvMid=29030374587&catId=50001519
아이폰 13 미니 512GB [자급제],"1,126,080원",https://cr.shopping.naver.com/adcr.nhn?x=ylysolaBRNiBGWydxFEB3v%2F%2F%2Fw%3D%3DsZRMaAh8g3hsVB%2FhaeBWDhKmkJ6NfCTcu4%2FvMklG6NjqGgjNtjvRyY8TaEm3AQ5UwJKb2UXby%2F2Vqv8v0%2FwlxZ020%2Fi9FDmMvUEFd6IdLKQlakhhPbPufy7yXvzg6IOYrf1X6MBI5l%2BWFubIPmqrEOd9%2BKy%2Fm0d%2BgYWHtEf61Jo5CNclKwvLyA%2Fys%2F%2FHPPajLAv6mDD2uTNJECH9p%2Be0Yi2NmcbgLr0lu2cCLGgyX7c9vsepmwRk8o%2FCB4DgHhnjVJdeIa52AfkUYHOaSPzsH9auKWQN4b7WstTXVRp4V%2Fd2Kx7G3krbJiQXzryuwwOqJOGPgP6FtuYr08QiLycJcY9OjTVDXauWQavRLL7H6a1dKjRp2D9pkBhcJdqPQCXkTK1s3piY0W43aIWUe83IvQvcLTo9Sm7EMerUll4psYjoLSv5SYzis5SVdiBAX6a8Rg4OPtThFM2yPBsnrKnNGz%2Fw5EB9JIRzfzAZXoRSCXaiZZd0C6e2Zyps4U6T5DErBvcQeIaAGIIQRnJcrzv7qxQ0br3yBJ5GJqYs5c1fEyNBP4PMPHCnudPTZjGRUD3iUwLzthabm4MU%2BeiRklgYjyj8QyIZ%2BHbudnJDRIWDENAUu6T5S2%2BK16DXItYmBr8l0Bq7h9PA5SrIXrcWPClBGWw%3D%3D&nvMid=29030296587&catId=50001519
아이폰 13 프로 128GB [자급제],"1,649,990원",https://cr.shopping.naver.com/adcr.nhn?x=WX3%2BWtYz5zq%2FTnShC8XuqP%2F%2F%2Fw%3D%3DsaDo3QpiisKVD6N70GC%2BZGuAQ6WnfAQQ%2BNMUeeUsBlAxN4NgkrPIjlczCBjhk2dSM7b354RXz5OWTu33EP0ENqGDfAxfAZXC0jQxPhbTUcEzLsxRTGfIcqcNShzYcWbYZoQeLQNfaxLdvodfLjFQr68v%2BjB2erv%2BZ%2Brrs5VHOiTQgGE7%2BZatKjf5hEf1XctkK2geXZy3Q9F6n45539rDBRZbkCnZt3PKDnGtnPfTpWXV9gLRMuJH34gK%2BdKxxm2wLPtiCSEE0Sr1K8dY1Bs5GQasJF1TG8DXvuOXRWh2aiSE1QmeK3ZPITzKHcbEnR%2BI8BZlLMZWTg3bNqd3Kbr17bP%2FBw9uas8qNM270jYq3UuXYe9CsbWrnsboog%2B94RL%2FIMipe1ZpQEOAEvSqMUdfV0YRe7uHgyNF3WXsM9BHB6lpFx37WIyrziE4Ps6WrDu%2FET9Lvfhn9NmZebq06Rt58vUG1YDduCsIlNU81UtgkO9rL%2FnGINkSYp%2Bd2xAAY7UDnI9YozZmT2qQVLUjCW%2F4%2BIyBeic8wQY4W%2BLX051whiESdSlPOZBN6V54TTL6u%2FzFsvZXn7tjYg97jU7L8buxmbpdy%2BQUr30XtJiEd8AyH3I4DfkLIyuldBS3f8m8e6nLmzUhNzs2VE%2B%2Bisqs3JAEppg%3D%3D&nvMid=29030420587&catId=50001519
아이폰 13 미니 128GB [SKT],100원,https://cr.shopping.naver.com/adcr.nhn?x=P68l4XjTC7VuerfB7XpoW%2F%2F%2F%2Fw%3D%3DsRlQtAL5TGxEKRFLXMowWzS0SzcYMxlZIcypXfFHS2ZCGgjNtjvRyY8TaEm3AQ5Uwz%2BUIqzlhH2bdOnYMMtpFV020%2Fi9FDmMvUEFd6IdLKQlakhhPbPufy7yXvzg6IOYrf1X6MBI5l%2BWFubIPmqrEOd9%2BKy%2Fm0d%2BgYWHtEf61Jo5CNclKwvLyA%2Fys%2F%2FHPPajLEpNgxrjwGzie2u%2Bv8etROGNmcbgLr0lu2cCLGgyX7c9vsepmwRk8o%2FCB4DgHhnjVJdeIa52AfkUYHOaSPzsH9auKWQN4b7WstTXVRp4V%2Fd2Kx7G3krbJiQXzryuwwOqJbRHEtkwYUwULC38Xh0aj4cpqrOkX%2F3nHBjr1QKdhLy1KjRp2D9pkBhcJdqPQCXkTvDQ6FJCt2noi5Nya5W7xkyuvyeYFm%2FaC8noH4sEfUeYLSv5SYzis5SVdiBAX6a8Rg4OPtThFM2yPBsnrKnNGz1IJR2EXR0Dy7PUtPiUWKgLyNHyBUXwWVD2ki0TxnNzydIOBbOBy2TFeTmGqXVj%2BvOqCJqhBIFTeEnaVDbdda5T6C0XXk8ySaOQ0OaLzzIxFQgbi%2FsTvDGIymZsRSf9Il5s%2FepF3tebV8VR3pWBNnWXLVWGr8fvvH1mWvUgXPK6j&nvMid=29030427586&catId=50000246
아이폰 13 프로 1TB [자급제],"1,529,000원",https://cr.shopping.naver.com/adcr.nhn?x=wxHSYCWwJ7n7D%2FvByj%2Baef%2F%2F%2Fw%3D%3Ds0JPje37y8ob6XrxLGQMlRD1QMnT5r38MZlMUBwYG7opN4NgkrPIjlczCBjhk2dSMChFerd%2FDbI3BdLx2fwHn7WDfAxfAZXC0jQxPhbTUcEzLsxRTGfIcqcNShzYcWbYZoQeLQNfaxLdvodfLjFQr68v%2BjB2erv%2BZ%2Brrs5VHOiTQgGE7%2BZatKjf5hEf1XctkKCqMGcFvs80%2Bm9t1aozn63JbkCnZt3PKDnGtnPfTpWXV9gLRMuJH34gK%2BdKxxm2wLPtiCSEE0Sr1K8dY1Bs5GQasJF1TG8DXvuOXRWh2aiSE1QmeK3ZPITzKHcbEnR%2BI8OW4nI5eh4FhqM8tBQkjLh0PwSz8YZhsIj5KS5nN5JX3Ye9CsbWrnsboog%2B94RL%2FI0Xaie43S1ci44hGLx1E05YNhlwoJ5gfJg5spv6ariDRFx37WIyrziE4Ps6WrDu%2FET9Lvfhn9NmZebq06Rt58vYHuxFqOCw52O5kY4jWY0OujriJ8H0NV5nx9%2BVr0aUV287DaRevAudEvCDRa0BZHWBNTMA6UND5DZHXBtUPPD6OIDf9TYDOC4LzgCehLsur5ffEuZAN6vHba7S33roDrO319dLranNjDfKy8FXbi7dJXc50eBITwugSNPH3Ok09sVpGw61BSdoQRvEGgfFlc5w%3D%3D&nvMid=29029192588&catId=50001519
아이폰 13 프로 맥스 256GB [자급제],"1,890,000원",https://cr.shopping.naver.com/adcr.nhn?x=5L2QpVsWQSw0VOhg3Saivf%2F%2F%2Fw%3D%3DsQoRmq9Zy6jiMJbVhPML3llQ061PqVkPit1GP3HoWssKGgjNtjvRyY8TaEm3AQ5UwuyUBrqVvTty%2F9CXfs9rx1k20%2Fi9FDmMvUEFd6IdLKQlakhhPbPufy7yXvzg6IOYrf1X6MBI5l%2BWFubIPmqrEOd9%2BKy%2Fm0d%2BgYWHtEf61Jo5CNclKwvLyA%2Fys%2F%2FHPPajLFwJLY7jZl%2ByD9qyNvqbno2NmcbgLr0lu2cCLGgyX7c9vsepmwRk8o%2FCB4DgHhnjVJdeIa52AfkUYHOaSPzsH9auKWQN4b7WstTXVRp4V%2Fd2Kx7G3krbJiQXzryuwwOqJdcUa28mG6RKsNek3foOqCuUxxv9ait%2Fsfqc6hcHuo2NKjRp2D9pkBhcJdqPQCXkTK1s3piY0W43aIWUe83IvQj7sbyFHJqYOcBbuxBSuRu0LSv5SYzis5SVdiBAX6a8RKlG0H56J6GhRAoCVIyo%2FGe1iJjqSOPOSdnx5b1oBHB4PVL%2B%2Frl5PLPXtI0kaP8PkmKdeEMdUbtmzDI4Aa7HQcZCzs9h0%2F04dxB3j756UcCpx8safPwd9zJEeAvz%2FHIODjr%2Fvhuz%2FM2bOeEg7k3nONbZ4slQ6UIr2ks82nwR3RfNGsFRLfpo4S%2FO6zEVIgNubaGimR4pR27mrh1IoDTOSgA%3D%3D&nvMid=29030294588&catId=50001519
아이폰 13 프로 256GB [자급제],"2,299,990원",https://cr.shopping.naver.com/adcr.nhn?x=JXNnHyw5fUHHHYB5LyfWFv%2F%2F%2Fw%3D%3Ds1JFDePMooN2RaNFDtQXDx3IN0Ejz7F3D6m4OnECupTHrlQPyQuHoHFsppYbPEdHaoD83DZefakHWTHGTPIrKeJODeUxYgXFubcLORuzKtI3SfvS7tK2ot%2FetxcALmQFYWApl6Se1dh4KFUY9FA2dU4ZnlrSZr8PDPdBCvs8uWtdeJxHcKH4rYUhc5SxvGs%2FQvJgHOaoIo6xlSmB%2FOKSFjyJO7jbxAC%2FhHJnJbE9pD225SET%2FmTh%2Bwr3iKnDGr9FR%2F6ZIOeHtT7Dj%2BTJDRs9SMD0EwsnxNYGelJ%2BtHokUJKjBz7%2BORHa%2BX777%2F5U82WuFRDpykpOqWZgZqWcBmVwRDeZaX%2FNDmHlWje4%2B6mUEpEY6JIeyjRJJG8AQSjlBThBKRuaDR2LrEXFDwvTptY5wkZQ0kdVDVx78Dl8rIX%2F%2Fn%2B4iNvEAyH7XT6ObGe95mRdUsw%2FEBFoDxdMAZ4HSpGP%2F1rHmR2kvzsEsl54XiSgYGYgi5HSrzhhCOMWuXdZxvGXvk9L6rt0SOVsUsc5EylGdlWiikeLuDP7AJcYrAjJY1h3mHk%2FLTRk%2FwdKd80loFBR7%2FYYphMfShv6YUIYNAeyYbOnX7ZhlPH2osWT6duR5FHnGpB8SPP7RIqVN%2FYl2ttzdDhLBwu%2FFQS5xWYf5w6G3jQ%3D%3D&nvMid=29030492586&catId=50001519
Apple 아이폰 13 미니 128GB [LG U+],1원,https://cr.shopping.naver.com/adcr.nhn?x=dO%2BV3uF0u6Zd%2Bu%2FHElURbv%2F%2F%2Fw%3D%3DsYdI%2Fk4x7fkDx%2Bq2R0lUBbAbM58ZqRJSzeD3hTFhjLhxN4NgkrPIjlczCBjhk2dSMX4x95R39VpB7Vi4cvs1PPmDfAxfAZXC0jQxPhbTUcEzLsxRTGfIcqcNShzYcWbYZoQeLQNfaxLdvodfLjFQr68v%2BjB2erv%2BZ%2Brrs5VHOiTQgGE7%2BZatKjf5hEf1XctkKisqvSGbN8uI5tCa8RDIL0JbkCnZt3PKDnGtnPfTpWXV9gLRMuJH34gK%2BdKxxm2wLPtiCSEE0Sr1K8dY1Bs5GQasJF1TG8DXvuOXRWh2aiSE1QmeK3ZPITzKHcbEnR%2BI8Hb7paC0%2BpPvWJdJSlXdGduPm7eX1mzjz7Kj5QzSxX2flp1VU53fqxlKTBT%2Bu6wKCmQQlALrJn1%2F1rZcmqLuzMYPk2vryFU100lCcPyTJO%2BBFx37WIyrziE4Ps6WrDu%2FEC%2BPCK4hWZVak%2FmlGHuf2bNKWMVTtA07HCUp%2FbeQ6Tv27A%2F0vSPti8cHY4o2fastwZMmmkrgdTPO06ze1EagDki34e%2FDjBm0pgpdd6BjGuqUwLHShnxU9zk3HOUOjQXh95AT5jDRhtqzimBuIHaEi0cakHxI8%2FtEipU39iXa23N0OEsHC78VBLnFZh%2FnDobeN&nvMid=29030431586&catId=50000248
아이폰 13 512GB [자급제],"1,202,340원",https://cr.shopping.naver.com/adcr.nhn?x=skg6NaPXsJnPJluT3e4rNf%2F%2F%2Fw%3D%3DsR0fLJIc8jN6lPAgajLGfkdsY785PqM0CI76GfEeWQ8tN4NgkrPIjlczCBjhk2dSMFvU2kyQUfS8sxDNWG7YRiWDfAxfAZXC0jQxPhbTUcEzLsxRTGfIcqcNShzYcWbYZoQeLQNfaxLdvodfLjFQr68v%2BjB2erv%2BZ%2Brrs5VHOiTQgGE7%2BZatKjf5hEf1XctkKd9m%2BLxP%2FPGMcWnBQjed9gpbkCnZt3PKDnGtnPfTpWXV9gLRMuJH34gK%2BdKxxm2wLPtiCSEE0Sr1K8dY1Bs5GQasJF1TG8DXvuOXRWh2aiSE1QmeK3ZPITzKHcbEnR%2BI8x7MFhzZrJ4JyI9rmZvvlQMu3QYP9f8LBh8jsiwSB83LYe9CsbWrnsboog%2B94RL%2FIRQYJGnTLx4%2BG2ZBv7FHJroPk2vryFU100lCcPyTJO%2BBFx37WIyrziE4Ps6WrDu%2FEIiAHeBidOvRaPuHnEvX4KXUjwQMKHmfZEGs9R%2F5gzgFfxr8e8848S4N3UJ7%2FNlg1hjB0fF%2B49WjLo5OG0tku43exWI4vGu2W5DOIRLCKDD76C0XXk8ySaOQ0OaLzzIxFLNuTXZrvTMk%2FPgPXfgQ%2BcUawVEt%2BmjhL87rMRUiA25toaKZHilHbuauHUigNM5KA&nvMid=29030496586&catId=50001519
아이폰 13 프로 512GB [자급제],"1,895,990원",https://cr.shopping.naver.com/adcr.nhn?x=luqsDbxaHR4jPtV6tpEGgv%2F%2F%2Fw%3D%3DsfLDq7K0nov%2FDGyXvWAopzEW3S7R2g%2BEFzqGISl1pKkSGgjNtjvRyY8TaEm3AQ5UwwjAG0uXZcEpc7MXK1T6sD020%2Fi9FDmMvUEFd6IdLKQlakhhPbPufy7yXvzg6IOYrf1X6MBI5l%2BWFubIPmqrEOd9%2BKy%2Fm0d%2BgYWHtEf61Jo5CNclKwvLyA%2Fys%2F%2FHPPajLiYCoXVZpYWHK%2BSJmDHKCzmNmcbgLr0lu2cCLGgyX7c9vsepmwRk8o%2FCB4DgHhnjVJdeIa52AfkUYHOaSPzsH9auKWQN4b7WstTXVRp4V%2Fd2Kx7G3krbJiQXzryuwwOqJL1r4mhyP99l2gdlXLiZhRXEqIA5VFfYf6sAybpEBgK5KjRp2D9pkBhcJdqPQCXkTMM1plBQtkhaEWAH4rmffCKPHigOo5xnKft8ZmnUA%2Be4LSv5SYzis5SVdiBAX6a8RKlG0H56J6GhRAoCVIyo%2FGQ4xrz0M7tNFmv3r6OCk%2BJWZZd0C6e2Zyps4U6T5DErBvcQeIaAGIIQRnJcrzv7qxc2vl4y70mEk9iW9va%2BMJ8NP4PMPHCnudPTZjGRUD3iUmnn%2Fy8SE0yuNWGETg9CWXGn5i8Y6JCfEejINQYgsAgjnMN4BUpi6NFTaZnfHd1XEQdAiJdwXirBRdnaxfvrBbw%3D%3D&nvMid=29030416587&catId=50001519
아이폰 13 프로 맥스 128GB [자급제],"1,387,000원",https://cr.shopping.naver.com/adcr.nhn?x=LHDKv5JE6%2FquG81SqEFmLv%2F%2F%2Fw%3D%3DsLvwqaC3s99Dr2J0rWImDKhYPqek0Ox79vKGSLeG%2BkdCGgjNtjvRyY8TaEm3AQ5UwPp7lkyMl48p9XtSSRHNZxU20%2Fi9FDmMvUEFd6IdLKQlakhhPbPufy7yXvzg6IOYrf1X6MBI5l%2BWFubIPmqrEOd9%2BKy%2Fm0d%2BgYWHtEf61Jo5CNclKwvLyA%2Fys%2F%2FHPPajLCLK1IiVYHoJNpNr5Mls8y2NmcbgLr0lu2cCLGgyX7c9vsepmwRk8o%2FCB4DgHhnjVJdeIa52AfkUYHOaSPzsH9auKWQN4b7WstTXVRp4V%2Fd2Kx7G3krbJiQXzryuwwOqJUsaU%2BE5JB8KPdtqE7LR1pZPfG7nnPc2oGhN%2B4QVzeW5KjRp2D9pkBhcJdqPQCXkTTnW3yIF%2Bz51ob0Yyo7%2FKwZ6XZBt1xwiSG7aryhXnhA8LSv5SYzis5SVdiBAX6a8RKlG0H56J6GhRAoCVIyo%2FGUAVJpqBLiiByEqDGwZ5AOMPVL%2B%2Frl5PLPXtI0kaP8PkmKdeEMdUbtmzDI4Aa7HQcYTSWbb45WGOg3KSJ9f0heA2y%2Bkmhi42RzcE0V%2Fi0B28jr%2Fvhuz%2FM2bOeEg7k3nONf58RnKCCZKTBtHEAIInyCNoYyMAVTBhZsfk0uzU2fKIzY6of2Xpggjm6A4Z8HgJhg%3D%3D&nvMid=29030367587&catId=50001519
Apple 아이폰 13 미니 256GB [LG U+],"506,490원",https://cr.shopping.naver.com/adcr.nhn?x=qzHAHREtNCYcgRT%2FVPqXKf%2F%2F%2Fw%3D%3DsccoxSpM%2F4drS165dpoZ9bV%2FnBgSL6mKL6DzN2QH54kzrlQPyQuHoHFsppYbPEdHa5EH1NlKqgKpdYbm32SIOxM7jEVK3E6d5fAIDz8E1OdnSfvS7tK2ot%2FetxcALmQFYWApl6Se1dh4KFUY9FA2dU4ZnlrSZr8PDPdBCvs8uWtdeJxHcKH4rYUhc5SxvGs%2FQnwz90lFjKTTi05jxFVvTqSJO7jbxAC%2FhHJnJbE9pD225SET%2FmTh%2Bwr3iKnDGr9FR%2F6ZIOeHtT7Dj%2BTJDRs9SMD0EwsnxNYGelJ%2BtHokUJKjBz7%2BORHa%2BX777%2F5U82WuFRDpykpOqWZgZqWcBmVwRDbj5bdtFnOMLCgDg3Y%2B0JHU6JIeyjRJJG8AQSjlBThBK%2Fkpsg5AguUQPduruz0ll4a3%2Fx23xPmhbHRATBgnysoEiNvEAyH7XT6ObGe95mRdUsw%2FEBFoDxdMAZ4HSpGP%2F1rivoNgdpiF8zc9hyizKCS4OTnITeXUIiGAT3tHOc0GbTKo5CnlLrO%2BPacbML5XxEfTq1DZFaJHccCiPKWOfkWoBhNg6pO%2F%2Bw6bSRwW%2FduOklumYIpDoSXXVWxiLzLUEpbtuFmf%2FaZ7GyfbvlFPykkQBNCgGhnJoYyA8V4j2ARcNDVCYCaeglF2rgr1u2OQIzQ%3D%3D&nvMid=29030376589&catId=50000248
아이폰 13 프로 맥스 512GB [자급제],"1,892,000원",https://cr.shopping.naver.com/adcr.nhn?x=npDc6ZBUlRdy0Bo9fvzGLf%2F%2F%2Fw%3D%3DsJTEIar30E3WJ%2FNRS7aM%2Bo0m1kV9eo5X6zTn%2FFGstfrJN4NgkrPIjlczCBjhk2dSM08%2B4sWNYiRtFn8bbgS%2FvcmDfAxfAZXC0jQxPhbTUcEzLsxRTGfIcqcNShzYcWbYZoQeLQNfaxLdvodfLjFQr68v%2BjB2erv%2BZ%2Brrs5VHOiTQgGE7%2BZatKjf5hEf1XctkKwzZoEE1irv0jVFjUiTpIZJbkCnZt3PKDnGtnPfTpWXV9gLRMuJH34gK%2BdKxxm2wLPtiCSEE0Sr1K8dY1Bs5GQasJF1TG8DXvuOXRWh2aiSE1QmeK3ZPITzKHcbEnR%2BI8RiburjTyzoo4Ff4m843R9YH%2FqWjV%2Fiyk4%2FohsIMAThDYe9CsbWrnsboog%2B94RL%2FI0Xaie43S1ci44hGLx1E05YPk2vryFU100lCcPyTJO%2BBFx37WIyrziE4Ps6WrDu%2FET9Lvfhn9NmZebq06Rt58vUK94HazsIJk%2FjsIwcFBS2bPU6pntGCurhu%2FV8uonTYh5X6MB3JdbnBohOi8QY2msioxmkcOn2XYuy4MbIb8Vnc81Gi44tUFH1uRUKbnASPQezdPirNIEhU3YcDKwV2g5AavA6RKlHvt3l6GO%2BZLAAL6cQyZFIIEJuSya%2FftEhk4hWw3%2BIByOa0jCVNQVnCDoA%3D%3D&nvMid=29029192586&catId=50001519
아이폰 13 프로 맥스 1TB [자급제],"1,950,000원",https://cr.shopping.naver.com/adcr.nhn?x=3hvrOoSa3ztsi7Wrcn086P%2F%2F%2Fw%3D%3DsSv9r4Q4iWD6lAHMbcQgbzbXedi7ydZ2ytZq15wNnNtnrlQPyQuHoHFsppYbPEdHaSxtla2yoYELYc9IGE7gR8zWCL68Kze8v2Uphr%2FfF1d3SfvS7tK2ot%2FetxcALmQFYWApl6Se1dh4KFUY9FA2dU4ZnlrSZr8PDPdBCvs8uWtdeJxHcKH4rYUhc5SxvGs%2FQpzgsJ2kpGxXbBjzCtpBxWyJO7jbxAC%2FhHJnJbE9pD225SET%2FmTh%2Bwr3iKnDGr9FR%2F6ZIOeHtT7Dj%2BTJDRs9SMD0EwsnxNYGelJ%2BtHokUJKjBz7%2BORHa%2BX777%2F5U82WuFRDpykpOqWZgZqWcBmVwRDchrskhlfoDar2yhIQJ3CDc6JIeyjRJJG8AQSjlBThBKRuaDR2LrEXFDwvTptY5wkeka0Jkw1HaXkrcvTwRjPIciNvEAyH7XT6ObGe95mRdUsw%2FEBFoDxdMAZ4HSpGP%2F1pX9tJKCP7b5KKDylXiHlhEN%2FOXq06xFLlMCwNDQObjPLcqEhOiscytOptfh0D9%2BAhMvoWJm4MsF06%2BKgL3Nir4LlcmRs71vX8WTPHBlCiNdEs8cFUTVf2EXpmSuc9bAhPVdrada21uPWYe%2FTMWGU8gbjhppofLdRj2PEB5BOTr%2BxyAhEKTy%2B0Zvtn8oYxIR0Q%3D%3D&nvMid=29029192590&catId=50001519
Apple 아이폰 13 128GB [LG U+],"147,500원",https://cr.shopping.naver.com/adcr.nhn?x=34ebeL30P7r3LtIBoD5xd%2F%2F%2F%2Fw%3D%3DsbzDTXyWmj%2FA2lHZd0XcaLXkvdDhRexm%2Fn07ljT6mdtiGgjNtjvRyY8TaEm3AQ5UwEXqN%2F66RX5HuSHnvXzKYJE20%2Fi9FDmMvUEFd6IdLKQlakhhPbPufy7yXvzg6IOYrf1X6MBI5l%2BWFubIPmqrEOd9%2BKy%2Fm0d%2BgYWHtEf61Jo5CNclKwvLyA%2Fys%2F%2FHPPajLF5xNEd4OxamWQ%2BcHLqvQ1mNmcbgLr0lu2cCLGgyX7c9vsepmwRk8o%2FCB4DgHhnjVJdeIa52AfkUYHOaSPzsH9auKWQN4b7WstTXVRp4V%2Fd2Kx7G3krbJiQXzryuwwOqJem99OxcHeMa%2B9lsQ8mDhdze7tjtMCWPHtqgIW5ywcWtKjRp2D9pkBhcJdqPQCXkTTnUIgeH15izfpnv9piWPIRTeXguLvceILDTsOJTpcCcLSv5SYzis5SVdiBAX6a8RiFsn8y0jIqBOModVs088%2BgSJo18m0jz5bEBzUQZzyqxXnC9JyTQx%2BBguXZpkkOaazdxwfnS8KSERSep4CCZ5dhA%2FQShgk8bw47r6omd%2FTOt7N0%2BKs0gSFTdhwMrBXaDkMyzQsEdT4RQF5tc1aCPFovpxDJkUggQm5LJr9%2B0SGTiFbDf4gHI5rSMJU1BWcIOg&nvMid=29030372586&catId=50000248
아이폰 13 프로 128GB [SKT],"1,183,300원",https://cr.shopping.naver.com/adcr.nhn?x=nHEV9%2BmTdZ7nxDZp1pAVp%2F%2F%2F%2Fw%3D%3DslZpmxJIhzXHqCsgNCbLyXw2Ljz7N6dNqdEzSzMk8YxoCYpaXrkpTZ0FTnmqeb1eBskFpvcY1RhOvJGxSaZTBjK%2Fr2%2FiD9XsUmUD67%2FzKeHfM%2Bch7FZUgurfa3Ry%2ByvU0rNytFIJLlovPvByHDqPy3lVd6Z%2BmZ5fvTALbBBPmfKL392rcVj5mouEkJq8zyckjrDczRSjxh3J0fJdZZ7ApdTMYBx1AVSExF%2FJDG79qxZoFypEAKt23XSMWLSN%2F%2BOUvzXuflZYzmvUE3fU3Cj%2B4S0Pg%2F6PYJW9LpCSumzPJoigK7CtQzZWLlur1%2FFge4%2BEp5%2F1TC1HH%2Bc2L7ocizszDvz1nRJ4yoQ1ByXgZXYF4asWGpoKWOXMtXYYrqzm325Tqh9KK%2FYPMsiJVs5hYZMtUDQp3GmZH8572EBGDELnqRN19jr8eNdNYNsPM9vHnSTJRnnWqvcTgee6K%2FhmFYMecO4ZVT9bzf9Smp53ADivZsuUTubsE9YGxZFJkk5u3iC%2F8f0hkSeeLiXHPGOStzkk5ChGBlN56w%2F0uDks36SjE5QF7N0%2BKs0gSFTdhwMrBXaDkN53VtEF%2BVOAmumYPZT1lL%2FpxDJkUggQm5LJr9%2B0SGTiFbDf4gHI5rSMJU1BWcIOg&nvMid=29030177588&catId=50000246
Apple 아이폰 13 프로 맥스 256GB [LG U+],"933,000원",https://cr.shopping.naver.com/adcr.nhn?x=2hxyKzITb5ZP%2FqoRAS65%2Fv%2F%2F%2Fw%3D%3Ds7Nx2u1cnMywmqYSgMGdGU2ZpOnLDo2NeO1%2FuWSUUTUPrlQPyQuHoHFsppYbPEdHauuyNSt2F975bROShaOpPazWCL68Kze8v2Uphr%2FfF1d3SfvS7tK2ot%2FetxcALmQFYWApl6Se1dh4KFUY9FA2dU4ZnlrSZr8PDPdBCvs8uWtdeJxHcKH4rYUhc5SxvGs%2FQ7wSV%2BTNvRpjPuhplTV7V0SJO7jbxAC%2FhHJnJbE9pD225SET%2FmTh%2Bwr3iKnDGr9FR%2F6ZIOeHtT7Dj%2BTJDRs9SMD0EwsnxNYGelJ%2BtHokUJKjBz7%2BORHa%2BX777%2F5U82WuFRDpykpOqWZgZqWcBmVwRDfnaG8BcShgXP%2BiClUfKr1Q6JIeyjRJJG8AQSjlBThBK%2Fkpsg5AguUQPduruz0ll4Y%2FskBRmN3i8oAU582f4wewiNvEAyH7XT6ObGe95mRdUsw%2FEBFoDxdMAZ4HSpGP%2F1tL2yaoxAGlqznjSfaC69RlPJ5Cu9OOR3XG14JdkLoZkQbJE2qH6sAOiEA%2FCWTmW%2BywFJ8%2B4te9l4lvi2fND5S1Ro56XxrCfv9O%2BOzQIWuRSv4YGjJCSIW1IvBxXT1wG93wvDEzbLl%2BQW%2Fi7%2FjGnq5WbP3qRd7Xm1fFUd6VgTZ1ly1Vhq%2FH77x9Zlr1IFzyuow%3D%3D&nvMid=29030190586&catId=50000248
Apple 아이폰 13 미니 512GB [LG U+],"448,000원",https://cr.shopping.naver.com/adcr.nhn?x=ZygfSV7m0A7REnRKchMFyP%2F%2F%2Fw%3D%3Dsrrry9u%2BICfe3r4uVGTHmC%2FsjaL5oJSTLexT2TiprBcrrlQPyQuHoHFsppYbPEdHarr1soUtCDmvfc0HjFXHuXpODeUxYgXFubcLORuzKtI3SfvS7tK2ot%2FetxcALmQFYWApl6Se1dh4KFUY9FA2dU4ZnlrSZr8PDPdBCvs8uWtdeJxHcKH4rYUhc5SxvGs%2FQhTHk89mV3o2ojkdwJOWr0CJO7jbxAC%2FhHJnJbE9pD225SET%2FmTh%2Bwr3iKnDGr9FR%2F6ZIOeHtT7Dj%2BTJDRs9SMD0EwsnxNYGelJ%2BtHokUJKjBz7%2BORHa%2BX777%2F5U82WuFRDpykpOqWZgZqWcBmVwRDc3D2DvQqytrlELU%2B%2FhuvsU6JIeyjRJJG8AQSjlBThBK%2Fkpsg5AguUQPduruz0ll4dny0ojKcnruLL%2FxY0eFFWsiNvEAyH7XT6ObGe95mRdUsw%2FEBFoDxdMAZ4HSpGP%2F1tMWT5qr2bRLwfdaGDVQfAUOTnITeXUIiGAT3tHOc0GbTKo5CnlLrO%2BPacbML5XxERwvgyjzgvRMTr%2Brs%2FxMxwIBhNg6pO%2F%2Bw6bSRwW%2FduOkLrN4FW4n%2FWSK6fBrtrgBAoubMBXeWkOehPK4tzp8etsBNCgGhnJoYyA8V4j2ARcNDVCYCaeglF2rgr1u2OQIzQ%3D%3D&nvMid=29030419586&catId=50000248
Apple 아이폰 13 프로 256GB [LG U+],"1,299,200원",https://cr.shopping.naver.com/adcr.nhn?x=ZdTimwmuESnzRheGoBcOFf%2F%2F%2Fw%3D%3DsUjGr5%2FPWFwMaOH0chbWhH1FdrQ8kJMaqShlmxB5vJp5N4NgkrPIjlczCBjhk2dSMNsj9JZgye7oUOyW5h1dBp2DfAxfAZXC0jQxPhbTUcEzLsxRTGfIcqcNShzYcWbYZoQeLQNfaxLdvodfLjFQr68v%2BjB2erv%2BZ%2Brrs5VHOiTQgGE7%2BZatKjf5hEf1XctkK7oakGQ6eZNyfdOEuH2mX2ZbkCnZt3PKDnGtnPfTpWXV9gLRMuJH34gK%2BdKxxm2wLPtiCSEE0Sr1K8dY1Bs5GQasJF1TG8DXvuOXRWh2aiSE1QmeK3ZPITzKHcbEnR%2BI8%2BQxyWbTKc14GvWwDnBdx5WDxvG84MSrN1pK2lMfKGtflp1VU53fqxlKTBT%2Bu6wKCjYM11EGwxIEmZT58m7el84Pk2vryFU100lCcPyTJO%2BBFx37WIyrziE4Ps6WrDu%2FET9Lvfhn9NmZebq06Rt58vQ6sGfNCfXGE1vlrcjWE3b%2B7A%2F0vSPti8cHY4o2fastwX%2FNJeOjNe%2FfLYEDdQwxXI4Iy10iflHPcAGIOH0bC8%2FQRpOFzCbaM6OU97uoPifjrmbYXwddnpUuN0JpDb8h6hwW0know5fQAz%2FwoBXS2FHnke%2FVP%2BgM94BPZkP5YJ%2Bex&nvMid=29030415586&catId=50000248
아이폰 13 256GB [SKT],"1,177,700원",https://cr.shopping.naver.com/adcr.nhn?x=CqIGces6bQDc6VrcKeuGE%2F%2F%2F%2Fw%3D%3DssnlEanTimZdowmzzr7siFS7h8kMA06alQy7txLlEnSGGgjNtjvRyY8TaEm3AQ5UwyNwXLCbVeI0LLLdA8VzPyE20%2Fi9FDmMvUEFd6IdLKQlakhhPbPufy7yXvzg6IOYrf1X6MBI5l%2BWFubIPmqrEOd9%2BKy%2Fm0d%2BgYWHtEf61Jo5CNclKwvLyA%2Fys%2F%2FHPPajLgV6R7Mz7tF8VQRt5RiVTs2NmcbgLr0lu2cCLGgyX7c9vsepmwRk8o%2FCB4DgHhnjVJdeIa52AfkUYHOaSPzsH9auKWQN4b7WstTXVRp4V%2Fd2Kx7G3krbJiQXzryuwwOqJhfHAYkag2rvaoNoEXOEXyiatVTPkQ9PzL%2Fa1cbmp6dpKjRp2D9pkBhcJdqPQCXkTmXMsLVSaqrj%2FW%2BVAEodPfATwkV1g2zkYwMn7VCGN%2F%2BULSv5SYzis5SVdiBAX6a8R%2FCOsDULMzhyS3tcNpyUq6K%2BzvzZ4tc5GqLn69ZrpHFf1%2Fzkn4q3VtH6WgmLOAb4ZyQGYwl3VuBoO0ltUqESaGbruoVk0MBFhxmRFA1PBjCmgDHAsUV9DgTX20o9BgqTWKvXzJ61Zk7sBmw2d%2BYRFzMakHxI8%2FtEipU39iXa23N0OEsHC78VBLnFZh%2FnDobeN&nvMid=29030181591&catId=50000246
Apple 아이폰 13 프로 128GB [LG U+],판매중단,https://cr.shopping.naver.com/adcr.nhn?x=pzAYYNsfKcl4%2FZRNsPbFK%2F%2F%2F%2Fw%3D%3DsvtT%2BRxPfQR%2F9u6%2F%2FlJCqOrH6wNvK8xjiE%2BQHjO%2Bidj%2BGgjNtjvRyY8TaEm3AQ5UwcOdOk3b%2BBIt3aAmIRR8ry020%2Fi9FDmMvUEFd6IdLKQlakhhPbPufy7yXvzg6IOYrf1X6MBI5l%2BWFubIPmqrEOd9%2BKy%2Fm0d%2BgYWHtEf61Jo5CNclKwvLyA%2Fys%2F%2FHPPajL%2FHNuqNLq1In6IsDDJHfZwGNmcbgLr0lu2cCLGgyX7c9vsepmwRk8o%2FCB4DgHhnjVJdeIa52AfkUYHOaSPzsH9auKWQN4b7WstTXVRp4V%2Fd2Kx7G3krbJiQXzryuwwOqJue0YFMyRQc%2BjtWjGunG9CCXBygq1gApWsHorykNtMbNKjRp2D9pkBhcJdqPQCXkT728voueL%2B8yYcdVUdj5NUaYPStBC%2FI0ntbZKRJafmeYLSv5SYzis5SVdiBAX6a8RKlG0H56J6GhRAoCVIyo%2FGe3m4fgGXDdbRBKJQ8iVChOE4FQdvRmo7oxOSvwywmchbhxLgQh%2BXNwZmORkwWTfuFHZkResn%2Bnj7BxGY7plaR76C0XXk8ySaOQ0OaLzzIxFIMhCmC%2Ftj9HhOs7oOELFUkawVEt%2BmjhL87rMRUiA25toaKZHilHbuauHUigNM5KA&nvMid=29030175590&catId=50000248
Apple 아이폰 13 512GB [LG U+],판매중단,https://cr.shopping.naver.com/adcr.nhn?x=yJ0d5FkqUEtQH8sO7stw1f%2F%2F%2Fw%3D%3DsVtEwvHQMW8HeUFSPZaCGkxeddPDX%2BffhqEiSGmmvRp%2BGgjNtjvRyY8TaEm3AQ5UwstQZePHBxYwRMWroxFBibE20%2Fi9FDmMvUEFd6IdLKQlakhhPbPufy7yXvzg6IOYrf1X6MBI5l%2BWFubIPmqrEOd9%2BKy%2Fm0d%2BgYWHtEf61Jo5CNclKwvLyA%2Fys%2F%2FHPPajLFE9QF%2F1S7E7CtXP8syJEuWNmcbgLr0lu2cCLGgyX7c9vsepmwRk8o%2FCB4DgHhnjVJdeIa52AfkUYHOaSPzsH9auKWQN4b7WstTXVRp4V%2Fd2Kx7G3krbJiQXzryuwwOqJ4zkAwKctVRuJa8UGT85HVVZzKzScwSsF7fCQGEFc9BpKjRp2D9pkBhcJdqPQCXkTUBXGWV6kJNhRfjHBpO4tFpc2fRp53vU8KOS3e4g6wtALSv5SYzis5SVdiBAX6a8RV6t8HXqZa3NSP32GK7Hl5ASJo18m0jz5bEBzUQZzyqxXnC9JyTQx%2BBguXZpkkOaaZygEBQmxHIA5bDNgSZQdmVE3riYGb0bxCu4GQsNwdPqbRfRfS2jyQ6nVxIjGjXFjAdnMsOSVz%2B%2FFKL0k7qzL%2BS7pPlLb4rXoNci1iYGvyXQGruH08DlKshetxY8KUEZb&nvMid=29030296586&catId=50000248
Apple 아이폰 13 256GB [LG U+],판매중단,https://cr.shopping.naver.com/adcr.nhn?x=Zrfsj0ZCMzoh58ZkQYgYUv%2F%2F%2Fw%3D%3Dsi34gQ%2F6E3eVWTRm0G5ZDtsKsDZEzig%2BoVu0MzFQgD2iGgjNtjvRyY8TaEm3AQ5UwluZ1GODgV0o2neGK8T0LCE20%2Fi9FDmMvUEFd6IdLKQlakhhPbPufy7yXvzg6IOYrf1X6MBI5l%2BWFubIPmqrEOd9%2BKy%2Fm0d%2BgYWHtEf61Jo5CNclKwvLyA%2Fys%2F%2FHPPajLNElogZd7xdnjun%2FvFIpdkWNmcbgLr0lu2cCLGgyX7c9vsepmwRk8o%2FCB4DgHhnjVJdeIa52AfkUYHOaSPzsH9auKWQN4b7WstTXVRp4V%2Fd2Kx7G3krbJiQXzryuwwOqJsS6v0K1QZDWsd6fig8y%2BeAux85eIF%2F4akM3ywv7tUpZKjRp2D9pkBhcJdqPQCXkT728voueL%2B8yYcdVUdj5NURFf92baRHD33QRBAjmiuIsLSv5SYzis5SVdiBAX6a8R%2FCOsDULMzhyS3tcNpyUq6ASJo18m0jz5bEBzUQZzyqxXnC9JyTQx%2BBguXZpkkOaakQ%2FAAQxIFKhxxRKAkRdYflE3riYGb0bxCu4GQsNwdPqumZcomvEqvu13CeFvjQRKxrcFo6zeXqx4B9Lxklzw3i7pPlLb4rXoNci1iYGvyXQGruH08DlKshetxY8KUEZb&nvMid=29030189588&catId=50000248
Apple 아이폰 13 프로 맥스 1TB [LG U+],판매중단,https://cr.shopping.naver.com/adcr.nhn?x=XhCifCAV7G%2FwFQXpq0b1zv%2F%2F%2Fw%3D%3Dsai%2BiQ3tTvTrAJg%2FVaZZ%2Fyh3R5axszVw0I4zMHzJUqXFN4NgkrPIjlczCBjhk2dSMFyA5N%2Fki59uCtN9gdzYhOGDfAxfAZXC0jQxPhbTUcEzLsxRTGfIcqcNShzYcWbYZoQeLQNfaxLdvodfLjFQr68v%2BjB2erv%2BZ%2Brrs5VHOiTQgGE7%2BZatKjf5hEf1XctkKuApEuyM2TFAjemEIPKTZ5pbkCnZt3PKDnGtnPfTpWXV9gLRMuJH34gK%2BdKxxm2wLPtiCSEE0Sr1K8dY1Bs5GQasJF1TG8DXvuOXRWh2aiSE1QmeK3ZPITzKHcbEnR%2BI8apBDsFg7alxG67TMzurOq5Hp4CPOaLmYgCo8jk%2BaiE3lp1VU53fqxlKTBT%2Bu6wKC1pjed7D2UF2Br2ZcOiK7GoRe7uHgyNF3WXsM9BHB6lpFx37WIyrziE4Ps6WrDu%2FET9Lvfhn9NmZebq06Rt58vc2Y1422bJT3Rk%2FYiyEi2BaaU9qNqKx0Qc11MwuBOlFmGOrT%2Fp1vUjNFLW%2B3Uk0qi89Y%2Bi7Hv%2FeJZoulB2p5n7QSzxwVRNV%2FYRemZK5z1sCEEdhVp92%2B1t0wekwYbpXng9SYlvs1l00hqBvFddcG%2Bu7HICEQpPL7Rm%2B2fyhjEhHR&nvMid=29030181587&catId=50000248
Apple 아이폰 13 프로 512GB [LG U+],판매중단,https://cr.shopping.naver.com/adcr.nhn?x=MIFd6RYt5cg416WwkZ%2Fe1v%2F%2F%2Fw%3D%3DsgVnEBEOoYJg0Cu3DKSdztcgHVSN6BX05zAcuETeYbRuGgjNtjvRyY8TaEm3AQ5Uwy%2Ft5l8PLOo8q2s4gJq15lk20%2Fi9FDmMvUEFd6IdLKQlakhhPbPufy7yXvzg6IOYrf1X6MBI5l%2BWFubIPmqrEOd9%2BKy%2Fm0d%2BgYWHtEf61Jo5CNclKwvLyA%2Fys%2F%2FHPPajLLgSLggC%2FxgaGmXMXHZ51oGNmcbgLr0lu2cCLGgyX7c9vsepmwRk8o%2FCB4DgHhnjVJdeIa52AfkUYHOaSPzsH9auKWQN4b7WstTXVRp4V%2Fd2Kx7G3krbJiQXzryuwwOqJIRaxQCCHlCctoBfLcBV3XUW6MIq5fF21JeGwMFm3061KjRp2D9pkBhcJdqPQCXkTUBXGWV6kJNhRfjHBpO4tFm3%2ByOBtZ7Ayr9B2NwM7P%2FULSv5SYzis5SVdiBAX6a8RKlG0H56J6GhRAoCVIyo%2FGSUdzHH2%2BXbFxUIVQFNI%2BiWE4FQdvRmo7oxOSvwywmchadB3rUo7%2FI7Dw9Lc2iQjt0GVAASVWQ3bZiKP4JzC7tz6C0XXk8ySaOQ0OaLzzIxFe56Cm7KWSiw6ZWVrvM82wEawVEt%2BmjhL87rMRUiA25toaKZHilHbuauHUigNM5KA&nvMid=29030295586&catId=50000248
아이폰13 미니 128GB 공시기준 Apple iPhone13 128G,"39,000원",https://cr.shopping.naver.com/adcr.nhn?x=nQba8S2IPITO%2BWqRqKWmGP%2F%2F%2Fw%3D%3Ds5VIaLi7EcRWu7oBEyB3NP4U8MUwKt5vOdLvrhI37OYFN4NgkrPIjlczCBjhk2dSM8YWdsjJb0gtU1mJU5EFBMmDfAxfAZXC0jQxPhbTUcEzLsxRTGfIcqcNShzYcWbYZzFKiCJ8VyyQ3VcZKO16jMao5YEmCu22RHk6o03pGxHyr9N9rARz1GwL8SD%2B61y0rsw80HLSwpEv4SjQ0vaq3vAT5HsegQoLVQOvUkS6oEsXy%2FbMcFKK4NEDzGpIWUPy%2Bq4pZA3hvtay1NdVGnhX93YrHsbeStsmJBfOvK7DA6on8UyaK2GDWNQxJfzi2dMjPkkZBvMQfU0lQaPIHqFaJ32H887x6xNbHl9QWC%2BIeyXIZ4jEICi3%2FPccHBZ7Dro5rzfNVo1KcSVSazeZg7M%2BAaYvBz4zGJ4Dd03VINL0OIC%2Bbw7avZzQMy7CAD70jlEmKCoCNLOzm7IzJwJ%2FAF%2FoJmU6yWx%2BJENghiPSEQ4lXs7sgg%2FJ7xyDS0qq1hMXek1B5TfPP3pFBGAA4TvRfdj3clbEKHCxBhmtMLJXh3NqRZK2iTB8nx8YyzLQ593M5ArTWeZFby7nVA2fbwYqoo4UWgW9TZjqEQTAbFzUBl8432wvhVEAf6wwM5tqtSh0bB5Hx&nvMid=38665575984&catId=50001519
[아이폰] 애플 아이폰13미니 128GB 미개봉 미개통 새상품,"134,000원",https://cr.shopping.naver.com/adcr.nhn?x=b%2F7EMsCaDa9KmvLGP294sP%2F%2F%2Fw%3D%3Ds7UoQblZ4RziquIoVz%2BRoeTYnsj%2BPim6Sq2OnOO47ks6GgjNtjvRyY8TaEm3AQ5Uwe6bhpKjEk7Z7uasm9FjtnE20%2Fi9FDmMvUEFd6IdLKQlakhhPbPufy7yXvzg6IOYrf1X6MBI5l%2BWFubIPmqrEOcQfcp7YXkf%2Fu%2FXnNGbHLRRWR7fx5yQI121h3YIs%2BgYPxrgbkemE%2B9flQGh4zPwRSeGXaoj%2BpZeuESWVnHGLXIZSd%2FIAsN%2F7aAuTb98oTz6nqC6IfftJ1ok4TummOzGU7hG%2BN9fMH%2FIjqw8D07Hbh6wc8zjfWkzP3aNiNs%2FcrdgJB7P9jx5KZr1oy9qstZx7m7b2zaMzTT9EnSQ4xLs0619V9Vgf8Jfjw5snr05Hz3seXa1PYAb0zmPF1cRoKRscXe06vpGg5etOqcToCu65hk9U20oSAa%2BbzZS%2F4i78UEKCRJEGEM279dXJHsRwRUYWD3woIi5WCIlKcL9MfdJdHHh6HyF9b%2FxCx7848wRHrcLmqnUc%2FV%2BG4OLhgnhDd%2B%2FrKfuGJJ54ihViGt%2BqpMwpRINdnvoolkKVNouiKxvFitIQ1KUVSL%2F53grJBR2QVuRbQeZfYWvvYWNx713KItPoOsdrWNLxRrWHCJoudYzHCivGqQUuoaWJqN%2FEKTa8tdAjoZ3lcHpZIw5rsjJkynCVRUfXVKRe8%2FEIUv07%2BhtwRORUDVCYCaeglF2rgr1u2OQIzQ%3D%3D&nvMid=38710319200&catId=50001519
[전시]애플 아이폰13mini 미니 128GB 자급제 스타라이트,"739,000원",https://cr.shopping.naver.com/adcr.nhn?x=fLbXAWvZ%2BxzL7Og6EII%2Byf%2F%2F%2Fw%3D%3DsHA%2FqS%2F7fKEgXsKLOQ9dVbPFIlY7wbHkxHC9ceRqDMcKGgjNtjvRyY8TaEm3AQ5UwlbSCYhHLZDOTRGSSBE1IeU20%2Fi9FDmMvUEFd6IdLKQlakhhPbPufy7yXvzg6IOYrf1X6MBI5l%2BWFubIPmqrEOUS%2BortKzfQDWBF5GV%2FKfqEhJv3ljJo79VVIpj6%2Fm3WOMuGOc98uE3zLxL61MfVzm817n5WWM5r1BN31Nwo%2FuEtD4P%2Bj2CVvS6QkrpszyaIoCuwrUM2Vi5bq9fxYHuPhKR5h7pW2IByQjn6tUC07YDGa9KxGXpWCSY8zjU9moJmV2HvQrG1q57G6KIPveES%2FyCHpF4ebWNt%2FIdWPnOnk8mMKLvMWms5WxlLd8BZFjO%2FxCe2UVhNlXYeXSk5cGGGFo%2BvX4pYXmCQUXgbyceiAW927zJQq5v%2FiSLh5Puz%2ByESlst6D1gteqQeJkX9gCpWTBFenJwfsljAssY9e617%2FIq4WWpFbO4rrgnIL%2BsT8j%2By6%2FwxCT9qmyPv6feuJu9yFmA%2FtRs2MgkAFbAzurpTEm5bL3I4NiyCTQmQ8rx%2FWKvpCFxnjWo8U0Gvv19sOx1ZkPPn9%2BqDpZVuUHYO28whiOMYOEsHC78VBLnFZh%2FnDobeN&nvMid=85266277029&catId=50001519
아이폰13미니 iPhone 13 Mini 128GB 256GB 자급제 핑크,"798,000원",https://cr.shopping.naver.com/adcr.nhn?x=NFP%2FwHbM5NtSVRGzXIL3ff%2F%2F%2Fw%3D%3DspJZ22tmdXhr3n3Df%2BXdsMHZ9E%2FAZQrqSmeeQwnlXb%2F5N4NgkrPIjlczCBjhk2dSM8dwPD4DuR9z7Xphst%2FFG0mDfAxfAZXC0jQxPhbTUcEzLsxRTGfIcqcNShzYcWbYZ3wzoMTwdpR8H2hmaHn1nyW6IdemuhMaRXNFs4t7grWz%2BdsI0oBV0GFufH9Q6MaoxRPmXrOHEP6ABUJANmNnASGfGuXMTwHgpM43UH4%2FxgL7qWvGpZ63paPvBlXf7U6lI0XZPWxe5NhDpSD%2FY4ZksRxFifzQrjeXjki59MRlCXUoC2OlBO%2FYexAjOXWg8oRzc8v2zHBSiuDRA8xqSFlD8vquKWQN4b7WstTXVRp4V%2Fd2Kx7G3krbJiQXzryuwwOqJJFt2fkxHRKJ0SeqFi%2FGf6acuugnoUuKcxspkf%2BG9JQh%2FlLnJwMa7Bt8R2%2FUDqQrCp7TPCSnq6t91SCN8T0Gc6PpCH9MJtnlDE%2FkbIUBLh0CBzkUeIkmcrfmfbKHs8oAMrV%2Fe%2BJxcX2E8DC3S7PRXyMhiOEMkp40Da67jMVTGcjtZE8nktAEz2sIjLZIG4yztXRXFan9h94yxo6nlq6oszIWd6OY1WY2u6gTPn9gbHXNgHx%2BWMpJmRHmA9sN83hEyLoIg4eUvJ%2Fu0XNDHjbs4Hfd3H%2FLjPaYHdIhc%2BIBmCmJcHc3d7qf6Q5avLDJnOWDK5Hv1T%2FoDPeAT2ZD%2BWCfnsQ%3D%3D&nvMid=41578662812&catId=50001519
애플 아이폰13미니 256GB 미개봉 새상품,"189,930원",https://cr.shopping.naver.com/adcr.nhn?x=HeV2iCBTqwrj7OOymBviqv%2F%2F%2Fw%3D%3DsToGnydx4MJnn%2F3Ye1jcfDz3uUYOCSaSmVZs%2Bee4MqQ%2FrlQPyQuHoHFsppYbPEdHanFs2PjGuGyiTlaEo2vwuMftCnshu4V7hGUhw8mdCOuXSfvS7tK2ot%2FetxcALmQFYarLDgEJSxpfsrkn%2Bb274KFNVcI%2F18ppt353%2FqRWzEBPXkj%2BZW%2F1lJfgqvRvZaBhRcfskoYDlkpmOKVxVegpwDhT3o0hEHJ0uE%2FMe0bx1l0jfJLFkYnPIX7tDAEwIlnfUT4m%2Fxr83kQ%2BOiZsz5cAkMWvqR2unsG9Pw6XBns%2FftjJmn%2B6FVZ%2Fm0w7K7lHYQAO7XNdCVh1ernHiO1fzUnXrtce9j9TM33g7MivnAbc9%2BIBMKqUCsupr%2Fbs3LJtf%2B1oVqjj7namimGTUrxY%2BOtAwyIqqUq%2FLTjZyCoQ3eg1hlrtXIt49p%2FPAnsglhYb168Ag2hvhfiImkgEBSi8oiTfBtobD0lQ0LOc6bS2L%2FdkB%2BXjpkiXOekKGHXutZdWhZAjh2OF4iC9KmAGNnKhretE8PrEKHCxBhmtMLJXh3NqRZK3mRDkU89jzomXtNjWRTyUa%2FpqboZaYZrt5iqJQihlFSG9TZjqEQTAbFzUBl8432wvhVEAf6wwM5tqtSh0bB5Hx&nvMid=38473415991&catId=50001519
Apple 아이폰13 프로 128GB 미개봉 iPhone 13 Pro 256GB,"599,000원",https://cr.shopping.naver.com/adcr.nhn?x=G1FhULfWqn9Z87%2F0lYTFKv%2F%2F%2Fw%3D%3Ds2MQ%2F5eI1XDGRKQlz%2F77jDBXdTRPhfQePC%2BV4zcL3jxhN4NgkrPIjlczCBjhk2dSMr%2Bh2AA4YaBwrcN1wkYk4UGDfAxfAZXC0jQxPhbTUcEzLsxRTGfIcqcNShzYcWbYZzFKiCJ8VyyQ3VcZKO16jMao5YEmCu22RHk6o03pGxHyr9N9rARz1GwL8SD%2B61y0rNFJKHBW2W2KnZb9JYCE5DiZfG3Nca9Eb2v5O4aMfnN7y%2FbMcFKK4NEDzGpIWUPy%2Bq4pZA3hvtay1NdVGnhX93YrHsbeStsmJBfOvK7DA6olhy3wKxv7x4Ho3O%2BgYGaBW1Gpqib3dvycjAv5dd%2FzDFRtX1KiGewk6njQXhFIriI3rqciccZ%2B3lHfPqP07%2B8ZWzfNVo1KcSVSazeZg7M%2BAaRMUdV9W3qKuaDhpOhH8NbEWUC903QernAmQP0vSQ%2B%2FCmF%2FuerTci4Wuz%2F7VKjAr1n113UTPYkqtSgXkQR5r67o7Xyt0PYoXdxQxsEF5Rm%2BDao5ddY5pjtqVZWK8FwxYtDYhYCKekPCDvbTMF%2FwJQpezV2DeER%2Fn6XthMHBq8eTiAw6TjrkMDwwgs5m0lpxRuQ2qcn9RwfSmXN9oAn8H7qJB0CIl3BeKsFF2drF%2B%2BsFv&nvMid=41915331719&catId=50001519
[아이폰] SK 아이폰13미니 128G 키즈폰 완납폰 키즈요금제,"320,000원",https://cr.shopping.naver.com/adcr.nhn?x=LZjzAsSOK3xD1Jdtzu9LLf%2F%2F%2Fw%3D%3Dsz3jIOGJYG9y4thBTTi4wYujVFhG7oQhcI3WV2axVF3TrlQPyQuHoHFsppYbPEdHaZGS87D%2BTcGRUtOV%2Bs9LNuvtCnshu4V7hGUhw8mdCOuXSfvS7tK2ot%2FetxcALmQFYWApl6Se1dh4KFUY9FA2dU8Knf8MCTviy2wcatzF5dszCZpBTdrt3bWAArRPnKowazZztvLlYniS7XwRevxknW68Ry4vrNZWjH8FLVpHfbiU9mDIVANOKXWePHMmRisRTRlA7AtSzHy0fIZ1DoJirj4ysWGRAXDrfXGkMXyDTmjfEiEGh4g2L8QEWFcdw4AahEIZJB1yuP5kkcuYnGBP9uwVt%2Bq%2BEGbIURH4Pt76u0TZkpoixbfpFDwt3x8BJ9N%2FT%2F6fAXNc%2BppykOI2g6PXgCZgsy8QOqGOndaqrgP73Z8QYG8lMhsnm0FRn92hSLOXjFdMUnZzRGUbLvShXkcawZQpMU8EsBS6Qc8aCfQo%2F7dw25L%2FURKggDxHNUh%2Fnl36C3TnzBGtZaDE84pcVEbv2uSzHzQYN3BRR6ZmOKHfjUSULlTOAFmrjLxLdMdbYyLmwChw7pIvi3BWZqM6NK6Ai77lUI%2F0hlRd7l5K9pQovkpGjrgWQ%2F0JBsjHud4pzo5y1fBWew7K%2BNgTzofk5xuamU3K%2B7%2BbqeJaG1zpehm9GMl4ltBL7cv6dNgd8PGgMjrnrgqgOvq6z5EpEI5N2xav1Mg%3D%3D&nvMid=39630290639&catId=50000246
해외애플 아이폰13미니 128GB 미국판 직구 무음 자급제 공기계 미개봉,"798,000원",https://cr.shopping.naver.com/adcr.nhn?x=VZMH8epeDKSh1uMlTnJoSP%2F%2F%2Fw%3D%3DsIzWSBtG7ziBSj5862lf%2Bd32aRkmFRC2MfMvMRBgGz0eGgjNtjvRyY8TaEm3AQ5Uwww5CAq48JQtV9i3DnChppE20%2Fi9FDmMvUEFd6IdLKQlakhhPbPufy7yXvzg6IOYrf1X6MBI5l%2BWFubIPmqrEOUS%2BortKzfQDWBF5GV%2FKfqEhJv3ljJo79VVIpj6%2Fm3WOW4RGXX%2F6eU%2BZy5Tl%2FEZu5s17n5WWM5r1BN31Nwo%2FuEtD4P%2Bj2CVvS6QkrpszyaIoCuwrUM2Vi5bq9fxYHuPhKdmekLuzzaoxm5AnZraUrG1g0b5oKMa6mSQFUsXb48LD2HvQrG1q57G6KIPveES%2FyIapzEoDIcznO966AMV%2FFci%2BXbn%2F2pyDeaRP8sNed8kT1N%2BL%2B8ZmM0Nx8bo26nF%2FqDbkv9REqCAPEc1SH%2BeXfoLafEuGVtWVgH86Zkn8T%2BKoAUPvUF%2FYFt7T8pBRrP1ceGDA80nsj5FjPEHcCuC4sQvcFJ9tvqgRm6Flfw56yLIRfj4B6qifRGhzNNx9r62A8zNQ4dVO8luBK7kTa1E0OLp1iENbt87dBhWm%2Ba8yFpbDo99NK%2FNSOWBWkWytF1I7bHeSZsMe38c4EaQzoi7iq%2FF8KBUi%2Bkj2iBynJPMuDrZLgqgOvq6z5EpEI5N2xav1Mg%3D%3D&nvMid=84830466060&catId=50001519
(미개봉 새상품)애플 아이폰13 미니 256GB/Apple iPhone13 Mini 256GB LGU+,"271,000원",https://cr.shopping.naver.com/adcr.nhn?x=RyvJjsLg4VL48p7WF5vUaP%2F%2F%2Fw%3D%3Ds1MVeo0yi1jzvw3RsH9ONJptJ4wKHo0dKJ%2BCeN8gsTMOGgjNtjvRyY8TaEm3AQ5UwgudSjq8B%2FjxrQzClaexoak20%2Fi9FDmMvUEFd6IdLKQlakhhPbPufy7yXvzg6IOYrf1X6MBI5l%2BWFubIPmqrEORzWbUP4hsfkDiMh%2FeiprrdhOluJ1tWQQiXRTgst1zfMlGeY%2Bv8B%2BpqV78rNjQDdm%2BTP28%2FK1RmB5ZTPLy8IOqvdSsLjTvfk2itpfJWW6GpcL1pXwwsBK7c%2Buf3yTIF4ieg26RgyG8V45%2BVvJDchOKjqVsT9Y75C8xp91tQOZkCQW%2Fl98nfjbVwwojyWtc2TTT0EwsnxNYGelJ%2BtHokUJKjBz7%2BORHa%2BX777%2F5U82WuFNyUHN%2Bebwxe85nY5k4Dqdl7Lv84MQ9STaVqEFEEstIWGpC%2FCZH%2BqVPSNC41s4%2BvCgRtaBM8MoF0WGcgM7NDZ4Q6J8krFpe2NBaLSmid2fsz73FK7hBmGzpMeGjn6qktU0r64WtPkkws40F%2FruD8j%2BNzzS8ScwBr7cZ01jt8PzOjY%2BwnoUu0kvEdmPDgyny%2BFk75aieBVEvMNN7e9sNavvDxLnzXGJzdLk3Ka%2BkKPLpBOlNnexNNKkF9hOTXKEKxVnmR%2BicZRuHBrNoQ4bgRO%2FaOuBZD%2FQkGyMe53inOjnLVQv8twsLj143wMBYbD5whFnnkOSP%2FD8AgdCE1nylALGHwoFSL6SPaIHKck8y4OtkuCqA6%2BrrPkSkQjk3bFq%2FUy&nvMid=39921052217&catId=50000248
애플 애플 아이폰13프로맥스 (13ProMax) 256GB 자급제폰 기기변경 KT 직영점,"520,000원",https://cr.shopping.naver.com/adcr.nhn?x=eJ%2Fw2hz28Y9ywYP6aijRQ%2F%2F%2F%2Fw%3D%3DsatefB36dy3bNCLYyg%2B5ZI3YDJEKHRsYHE5TL0QuAYQTrlQPyQuHoHFsppYbPEdHaqwTfAahgbPDOILFwxNBOupODeUxYgXFubcLORuzKtI3SfvS7tK2ot%2FetxcALmQFYarLDgEJSxpfsrkn%2Bb274KMV6HwITeVPVOSVRDIZtOWWdIbdg5PXKlFU91qOXSFwnv%2BAePeu%2BxITwBkakeNtb%2Bqug0ZEuAZ2mVyMWMb6BENKv98Es844TTh%2FAHwI9wZt10Hxjofaj3zIgfNFYK703OvXTxhiObfNGn8wbH5RfkhoMxUZyQGwIuQOJadFSXobJ334rL%2BbR36BhYe0R%2FrUmjgBSTS1sRv49oBHxm%2Bxq6Hiw4y7KiArt2HVJ37v4AFtLUvaXFbtaLK4ZfRQZAS0a0htX1KiGewk6njQXhFIriI3xRTnBK876jHHbt2wnQmFPzfNVo1KcSVSazeZg7M%2BAaYXyZKknfx7OwNSvXx5lLuoDs5GaShCWUBkjFXvRTN53dDPCIiSjLXyLbaBaIsu%2BSAo2Uys8k9gEGAvuaZf2SPO61Ml1Zj16YISI5yj7mb8WActnp9lO5aQ1fnVqcPCtpwvqet95udyQkKqCpL%2FVScj%2FQ%2BmDANGGRnp7B72p1w%2BuNiFgIp6Q8IO9tMwX%2FAlClz21tJE2yg9JiNWG%2FO2cPfOyVe5x5V0m8OmYZHc1plzF0iTAkNs5jk20ujYK0bI8EB0cjwVm1BUYVknE7IEMpz4%3D&nvMid=39558243727&catId=50001519
SK 기기변경 아이폰13 미니 128GB 공시지원 5GX 플래티넘 요금제,"189,000원",https://cr.shopping.naver.com/adcr.nhn?x=Rd6Z%2BbNUjRNBapJujcYsSf%2F%2F%2Fw%3D%3DsEMJG4ZRSvLNGNI5Dr30b0KFICTbS43TioqR4O84YxW4CYpaXrkpTZ0FTnmqeb1eB95CFRuRXJdtIjoHr%2FE1Dn6%2Fr2%2FiD9XsUmUD67%2FzKeHfM%2Bch7FZUgurfa3Ry%2ByvU0cmueM%2Bc6pz2znbBF4CCaR9TJO8orONquYDv3WICli9sHmZR3I0lwYU2VA%2F%2Bees7Pmn80b%2B4TEfGYKxPaJvAkBb17%2BErSFA7qwe2%2BdyUFA6Q%2B2IJIQTRKvUrx1jUGzkZBqwkXVMbwNe%2B45dFaHZqJITVCZ4rdk8hPModxsSdH4jzLMu0eSYHy%2FF5V%2FcoB2%2F0e%2FplCulNTJk01gwLnk0f0A%2F9F%2FIBQQYa%2Bq5505OTatqxwskHjybJqWZtoZb3isP%2FrItkqEKvzLHyiEjQuFs0cZ6yAobWELtlYESzRtaWL%2FfU7xbbH7oY5TjiGNj4vbVukfF3AqueTuvf0d0lQAs3hvF5LkkGfmtspK3tUeEbVXE5jbRq8sEL3CUQBrVJgyJ5VC%2Bp633m53JCQqoKkv9VJyInev0kZ2aCbwZiJ4IyRaPKjrgWQ%2F0JBsjHud4pzo5y1%2FL%2FI83F8zFlRxuRwBydIA5uNgwO2EJx5MSohQct5V1sVsVTtAmUlm3Ja6Ff3mTFSHRyPBWbUFRhWScTsgQynPg%3D%3D&nvMid=38787885794&catId=50001519
아이폰13프로맥스 iPhone 13 Promax 128GB 256GB 512GB,"1,354,670원",https://cr.shopping.naver.com/adcr.nhn?x=oqUpVmTtWns1i7HuS7RqQv%2F%2F%2Fw%3D%3DsySputDZHCkRRcRSAvUgMwUUNo39%2FUVPceyqUetyyYrACYpaXrkpTZ0FTnmqeb1eBXEeStAGkMDFGfUsJXtnmKq%2Fr2%2FiD9XsUmUD67%2FzKeHfM%2Bch7FZUgurfa3Ry%2ByvU0cmueM%2Bc6pz2znbBF4CCaR9TJO8orONquYDv3WICli9sHmZR3I0lwYU2VA%2F%2Bees7Pifrhwi0QZpEJ14%2B8SeNWK1X8XN%2Blne0NdkUjHKbSNQc%2B2IJIQTRKvUrx1jUGzkZBqwkXVMbwNe%2B45dFaHZqJITVCZ4rdk8hPModxsSdH4jxMzlMAdBgg7vm2bXw8UxpOoxKmMI96Gdxn0%2BOTjeMxNv9F%2FIBQQYa%2Bq5505OTatqx4wJliuB29pRTSD7aJZlQ4SGvyA3Mo4deUUDeSDOc2k6IVY%2Baudo5xhIGxuFNvK3KazOf7jrdVCqjXNY1RYKqg7ZT%2FqAcOQILqSxiwSrJX1e5q4yaNkgNOM%2F84XSThuIWo0ZO2t9eq%2BZqiahyky1oixK6NXWvMcki27p0KhD0tiLEKHCxBhmtMLJXh3NqRZK0EbqFaj33w1q0oyQTikt0fx%2BgH3HTqH7dW%2Fe4EXFFX%2BG9TZjqEQTAbFzUBl8432wvhVEAf6wwM5tqtSh0bB5Hx&nvMid=40985196194&catId=50001519
